MFF 12.2.5 Tier List,,,,,,,,,,,,
,,,,,,,,,,,,
"🤝 = SUPPORT     🔨 = PVP     🧩 = NEEDS ARTIFACT     ☢️ = DOESN'T NEED TIER 4      👑 = GOOD LEADERSHIP    📆 = SEASONAL UNIFORM       😈 = VERY EASY TO PLAY (PVE)          🎯 = ABX ABL MOSTLY
CHARACTERS ARE RANKED WITHIN THEIR TIER (HORIZONTALLY) + BY TYPING (VERTICALLY) - CHARACTERS ARE NOT RANKED VERTICALLY OUTSIDE OF THEIR TYPING",,,,,,,,,,,,
Beyond Meta,High Meta,Low Meta,Useful,Lead/Support Meta,Lead/Support Useful,Useable,,Shadowland - AC - PLEASE REWORK,,,,
Miles Morales 👑📆☢️,Luna Snow 🧩☢️,Bullseye 👑🎯,Scorpion 😈🎯,White Fox 🤝,Scarlet Spider 🤝🎯📆,Black Swan 👑🔨,,Shadow Shell 🤝,Electro 👑🤝,Elsa Bloodstone ,Fandral,Spider-Man 2099
Wolverine 🔨🧩,Green Goblin 👑🤝😈,Spider-Man 🔨🧩,Gwenpool ☢️,Black Cat 🤝👑,Echo 👑🤝🔨🧩,Elektra 🔨,,Hawkeye ,Squirrel Girl 🤝,Nightcrawler,Agent 13 ,Cassie Lang 🤝
Storm 🤝😈☢️,Magneto 👑😈🎯,Gamora 👑🎯☢️,Kamala Khan 🎯,Nick Fury 🤝👑,Wave 🤝👑,Yelena Belova ,,Spider-Gwen 🔨,Aero ,Vulture ,Misty Knight 👑,Silk 
Madelyne Pryor 🔨🧩📆,Sister Grimm 🤝📆🔨😈,Moon Knight 🧩🎯,Kate Bishop ☢️,Shuri 👑🤝,Angel 🤝👑🧩📆,Cap Falcon 🤝*,,Ant-Man ,Baron Zemo 👑,Fantomex ,Kid Kaiju ,Makkari 
Jean Grey 👑🔨📆😈,Adam Warlock 🔨🧩,Rogue 📆,Wong 🤝🔨,Sin 🤝👑📆,Amadeus Cho 🤝🎯,Daredevil 🔨,,Arachknight 2099 👑,Darkhawk ,Mockingbird ,Hellcat,Kitty Pryde 👑
Kang 👑🔨🧩☢️,Jeff 🤝🔨☢️,Deadpool 👑🔨🧩,Quicksilver 🔨🧩,Yondu 📆🤝,Sunbird 🤝*,X-23 🔨🧩,,Katy 🤝,Viper 👑,Karnak ,Korath ,Ikon 🔨🧩
Sentry 👑🔨☢️,Dr Strange 👑,Black Widow 🔨🧩,Crescent 👑📆🎯,Agent Venom 🤝🧩🔨,Sif 🤝👑  ,Mystique 🤝,,Corvus,Falcon (Torres) 🤝*,Spot,Baron Mordo ,Domino 🔨🧩
Knull 👑🔨😈☢️,Apocalypse 🤝👑🔨🧩,Venom ☢️,Sandman 🤝☢️📆,M'Baku 🤝👑,Black Knight 🤝🔨,Namor ,,Kraven 🤝,Ghost 🤝👑,Okoye,Sabretooth ,Goliath 👑
Mephisto 👑😈☢️,Ares ☢️,Valkyrie 🤝☢️🔨,Doctor Octopus ,Rhino 🤝🔨☢️,Beast 🤝👑🔨,Juggernaut 🔨🧩,,Hercules 👑,Toxin 👑,Iron Fist 👑,Gorilla Man ,Luke Cage 🤝👑🔨
Gorr 🔨👑,Galactus 🤝🔨👑🧩,Captain America 👑🔨☢️,Kingpin 👑,Taskmaster 🤝,Sleeper 🔨👑🤝🧩,Drax 🔨,,Red Guardian ,Nebula ,Daken 🔨🧩,US Agent 👑,Jessica Jones 🤝🔨
,Odin 👑😈☢️,Hulk 👑😈🎯,Hope Summers 👑🤝,Silver Samurai 🤝🔨,Red Hulk 👑🤝🎯,Hulkbuster 🤝👑☢️🔨,,Black Dwarf 🤝,Skurge,Red She-Hulk 🤝👑,White Tiger,Warwolf 🤝
,Ghost Rider 🧩🔨,Winter Soldier 👑,Punisher 🔨,Athena 👑🤝,Morph 🤝🔨,She-Hulk 👑,,Omega Red,Gilgamesh 🤝🔨,War Tiger ,Titania 👑🤝,Volstagg 🤝
,Scarlet Witch 👑😈☢️,Carnage 🔨👑🧩,Shang-Chi 🔨,America Chavez 🤝🔨,Groot 🤝,Black Panther ,,Blade 👑,Crossbones ,Gorgon 👑,Absorbing Man 🔨🧩,Hogun
,Loki ,Mr Fantastic 👑🔨,Blue Dragon 👑,Colossus 🤝🔨,Abomination 🤝👑📆,Thing 🤝🔨,,Scream ,Minn-Erva,Ulik,Killmonger ,Lizard 
,Silver Surfer 👑🔨,Gladiator 👑🎯,Crystal 🎯🧩📆,Cyclops 🤝👑,Mysterio 🤝📆,Sersi 🤝🔨🧩,,Sword Master 👑,Morbius ,Hulkling,Molten Man ,Warpath
,Thanos 👑🔨,Annihilus 👑,Kid Omega 👑🎯,Wasp 🤝👑🔨,Enchantress 👑🤝,Sunspot🤝,,Man-Thing🔨👑,Wenwu 👑🔨,Havok 👑,MODOK 👑,Kaecilius 
,,Stryfe 🤝👑🔨🧩📆,Psylocke 📆,Phil Coulson 🤝📆🔨,Mantis 🤝🔨,War Machine 🤝👑,,Spectrum 👑,Malekith 👑,Whiplash,Kingo,Nadia Van Dyne 
,,Magik 👑🧩🔨,Sharon Rogers 😈📆,Dazzler 🤝,Kahhori 🤝,Star-Lord 👑,,The Hood 👑,Moonstone,Wiccan 🤝,Songbird ,Inferno 
,,Emma Frost 🔨🧩📆,Human Torch 😈,Ancient One🤝👑 *📆,Ebony Maw 👑🤝🔨,Cable 👑🧩,,Professor X 🤝,Moon Girl 👑,Ulysses Klaue 🤝,Cassandra Nova 👑,Daisy Johnson 🤝
,,Gambit 👑📆,Iron Man ,Jubilee 🤝🔨,Polaris🤝👑🎯,Bishop 👑,,Iceman 📆,Hydro-Man 👑,Yellowjacket,Lash ,Deathlok 
,,Sue Storm 👑🤝🔨😈,Destroyer 🤝🔨🧩,Red Skull 🤝📆,Valeria Richards 👑🤝🎯,Black Bolt 👑📆🎯,,Mister Sinister 🔨🧩,Negasonic ,Maximus,Lincoln Campbell 👑,Rocket Raccoon 🤝
,,Weapon Hex 🤝🔨📆,Zeus 👑😈,Ironheart 🤝👑,Spider-Woman 👑🤝,Captain Marvel 👑🔨,,Leader🤝👑🎯,Sylvie,Wendell Vaughn 👑🤝,Robbie Reyes 🤝🧩,Ikaris 👑
,,Shalla-Bal 🤝🔨🧩,Phyla-Vell 🤝😈☢️,Rescue 👑,Doctor Voodoo 👑🤝🔨,Ultron 👑,,Thena 👑,Blue Marvel 🤝🔨,Marvel Boy👑,Slapstick ,Supergiant 👑
,,Hela 🤝👑🔨🧩,Rachel Summers 🔨🧩,Satana 🤝👑📆,Victorious 🤝👑🔨,Hellstorm ,,Anti-Man 👑🔨,Aphrodite 👑🔨,Heimdall 👑,Singularity,Quasar
,,Hades 👑😈☢️,,Morgan Le Fay 🤝📆,Proxima Midnight 👑🤝🎯,Vision 🤝🧩👑,,Dormammu 👑,Angela 🤝,Iron Hammer 👑,Hyperion 👑,Clea
,,Thor ,,Nova (Richard) 🤝,Molecule Man 👑🧩🔨,Exodus 👑🤝🔨,,Thane 👑,Jane Foster 🤝,Nova (Sam) 🔨🧩,Giant-Man (Pym),
,,Doctor Doom 👑🔨,,Ghost Panther 🤝👑 ,Franklin Richards 🤝🔨🧩,,,,,,,
,,Sentinel 👑🔨🧩,,Medusa 🤝👑📆,Beta Ray Bill 👑🤝,,,,,,,
,,,,Ronan 🤝👑🔨,,,,,,,,