id,valor,personaje,skill,efecto
1012150011,,Agent Venom — Agent Anti-Venom,Agent Anti-Venom,Increases basic damage dealt to $HEROSUBTYPE1 faction by 15%.
1003950011,,Angela — Secret Wars: 1602 Witch Hunter Angela,Secret Wars: 1602 Witch Hunter Angela,Increases basic damage dealt to $HEROCLASS1 types by 20%.
1203012012,,Captain America (Sam Wilson) — Marvel Studios' Captain America: Brave New World,New Captain America,Increases basic damage dealt to $HEROSUBTYPE1 faction by 50%.
1202629012,,Captain Marvel — Marvel Animation's Marvel Zombies,Marvel Animation's Marvel Zombies,Increases basic damage by 55% when attacking characters without $HEROSUBTYPE1 Ability.
1002654012,,Captain Marvel — Marvel Studios' Avengers: Endgame,Marvel Studios' Avengers: Endgame,Increases basic damage dealt to $HEROSUBTYPE1 faction by 15%.
1002654013,,Captain Marvel — Marvel Studios' Avengers: Endgame,Marvel Studios' Avengers: Endgame,Decreases basic damage received from $HEROSUBTYPE1 faction by 10%.
1202608012,,Captain Marvel — Marvel Studios' The Marvels,Marvel Studios' The Marvels,Increases basic damage dealt to $HEROSUBTYPE1 faction by 55%.
1202608013,,Captain Marvel — Marvel Studios' The Marvels,Marvel Studios' The Marvels,Decreases basic damage received from $HEROSUBTYPE1 faction by 50%.
1012391012,Supervillano,Cyclops — Marvel Animation's X-Men '97,Leader of X-Men,Increases basic damage dealt to $HEROSUBTYPE1 faction by 30%.
1005804011,,Deathlok / Deathlok — Modern,Centipede Serum,Increases basic damage dealt to enemies with $HEROSUBTYPE1 ability by 50%.
1005804012,,Deathlok / Deathlok — Modern,Centipede Serum,Decreases basic damage received from enemies with $HEROSUBTYPE1 ability by 50%.
1002239012,,Drax — Annihilation,Annihilation,Decreases basic damage received from $HEROSUBTYPE1 faction by 60%.
1002239013,,Drax — Annihilation,Annihilation,Decreases basic damage received from $HEROSUBTYPE1 faction by 60%.
1007771012,,Ebony Maw — Dark Obsidian Armor,Evil Persuasion,Increases basic damage dealt to $HEROSUBTYPE1 faction by 30%.
1007771013,,Ebony Maw — Dark Obsidian Armor,Evil Persuasion,Increases basic damage dealt to $HEROSUBTYPE1 faction by 50%.
1007760012,,Ebony Maw — General's Hand,Evil Persuasion,Increases basic damage dealt to $HEROSUBTYPE1 faction by 30%.
1007760013,,Ebony Maw — General's Hand,Evil Persuasion,Increases basic damage dealt to $HEROSUBTYPE1 faction by 50%.
1019733011,,Electro — Spider-Man: No Way Home,Electric Battlefield,Increases basic damage dealt to $HEROSUBTYPE1 faction by 30%.
1019733012,,Electro — Spider-Man: No Way Home,Electric Battlefield,Decreases basic damage received from $HEROSUBTYPE1 faction by 30%.
1003080013,,Falcon / Falcon — All-New Captain America / Falcon — Marvel Studios' Captain America: Civil War / Falcon — Marvel Legacy / Captain America (Sam Wilson) — Marvel Studios' The Falcon and the Winter Soldier / Falcon — What If... Zombies?! / Captain America (Sam Wilson) — Marvel Studios' Captain America: Brave New World,Hero's Rise,Increases basic damage dealt to $HEROSUBTYPE1 faction by 70%.
1001247012,,Gamora — Requiem / Gamora — Marvel Studios' Guardians of the Galaxy 3,Cosmic Enforcer,Increases basic damage dealt to $HEROSUBTYPE1 faction by 45%.
1001247013,,Gamora — Requiem / Gamora — Marvel Studios' Guardians of the Galaxy 3,Cosmic Enforcer,Increases basic damage dealt to $HEROSUBTYPE1 faction by 45%.
1001297012,,Gamora — Wastelanders,Cosmic Enforcer,Increases basic damage dealt to $HEROSUBTYPE1 faction by 45%.
1001297013,,Gamora — Wastelanders,Cosmic Enforcer,Increases basic damage dealt to $HEROSUBTYPE1 faction by 45%.
1011750012,,Ghost Rider (Robbie Reyes) — Lord of Vengeance,Lord of Vengeance,Increases basic damage dealt to $HEROSUBTYPE1 faction by 60%.
1011750013,,Ghost Rider (Robbie Reyes) — Lord of Vengeance,Lord of Vengeance,Decreases basic damage received from $HEROSUBTYPE1 faction by 70%.
1000470011,,Ghost Rider / Ghost Rider — 70's Classic / Ghost Rider — Inhumans: Attilan Rising,Repentance,Increases basic damage dealt to $HEROSUBTYPE1 faction by 120%.
1000471011,,Ghost Rider — King of Hell,Repentance,Increases basic damage dealt to $HEROSUBTYPE1 faction by 120%.
1000443011,,Ghost Rider — Rage Returned / Ghost Rider — Savage Avengers,Hell's Wrath,Increases basic damage dealt to $HEROSUBTYPE1 faction by 120%.
1011203062,,Gorgon,War Cry,Increases basic damage dealt to $HEROSUBTYPE1 faction by 15%.
1001331012,,Infinity Ultron — Marvel Studios' What If...?,Marvel Studios' What If...?,Increases basic damage by 40% when attacking characters without $HEROSUBTYPE1 Ability.
1000372102,,Iron Man — Marvel Studios' Avengers: Endgame / Iron Man — Team Suit,Overdrive Beam,Increases basic damage dealt to $HEROSUBTYPE1 faction by 30%.
1029004012,Supervillano,Jeff the Land Shark,Guardian of the Deep,Increases basic damage dealt to $HEROSUBTYPE1 faction by 45%.
1029004013,Supervillano,Jeff the Land Shark,Guardian of the Deep,Decreases basic damage received from $HEROSUBTYPE1 faction by 40%.
1012950011,,Magneto — Marvel NOW!,Marvel NOW!,Increases basic damage dealt to enemies with $HEROSUBTYPE1 ability by 45%.
1002008011,,"Malekith / Malekith — All-New, All-Different",Malicious Manipulation,Increases basic damage dealt to $HEROSUBTYPE1 faction by 120%.
1002008012,,"Malekith / Malekith — All-New, All-Different",Malicious Manipulation,Decreases basic damage received from $HEROSUBTYPE1 faction by 20%.
1002036011,,Malekith — War of the Realms,Dark Blessing,Increases basic damage dealt to $HEROSUBTYPE1 faction by 120%.
1011504012,,Maximus,Mad Scientist,Increases basic damage dealt to enemies with $HEROSUBTYPE1 ability by 50%.
1024470012,,Mephisto,Rage of the Pit,Increases basic damage dealt to $HEROSUBTYPE1 faction by 30%. Effect cannot be removed.
1224401102,Supervillano,Mephisto — Master of Hell,Hell Fire,Increases basic damage dealt to $HEROSUBTYPE1 faction by 30%. Effect cannot be removed.
1024493012,,Mephisto — Master of Hell,Rage of the Pit,Increases basic damage dealt to $HEROSUBTYPE1 faction by 30%. Effect cannot be removed.
1019504012,,Molten Man,Fire Eater,Increases basic damage dealt to enemies with $HEROSUBTYPE1 ability by 30%.
1003243012,,Punisher — Cosmic Ghost Rider,Cosmic Ghost Rider,Increases basic damage dealt to $HEROSUBTYPE1 faction by 50%.
1003243013,,Punisher — Cosmic Ghost Rider,Cosmic Ghost Rider,Increases basic damage dealt to $HEROSUBTYPE1 faction by 50%.
1003288011,,Punisher — Fist of the Beast,Fist of the Beast,Increases basic damage dealt to $HEROSUBTYPE1 faction by 50%.
1203209011,,Punisher — Marvel Television's Daredevil: Born Again,Marvel Television's Daredevil: Born Again,Increases basic damage dealt to $HEROSUBTYPE1 faction by 50%.
1001506011,,Red Skull / Red Skull — Secret Wars: Red Skull,Hero Hunter,Increases basic damage dealt to $HEROSUBTYPE1 faction by 120%.
1001506012,,Red Skull / Red Skull — Secret Wars: Red Skull,Hero Hunter,Decreases basic damage received from $HEROSUBTYPE1 faction by 20%.
1001571011,,Red Skull — Hydra Armor,Hero Hunter,Increases basic damage dealt to $HEROSUBTYPE1 faction by 120%.
1001571012,,Red Skull — Hydra Armor,Hero Hunter,Decreases basic damage received from $HEROSUBTYPE1 faction by 20%.
1001545011,,Red Skull — The Crimson Fall,Age of Malice,Increases basic damage dealt to $HEROSUBTYPE1 faction by 55%.
1001545012,,Red Skull — The Crimson Fall,Age of Malice,Increases basic damage dealt to $HEROSUBTYPE1 faction by 55%.
1004851011,,Ronan — Marvel Studios' Captain Marvel,Marvel Studios' Captain Marvel,Increases basic damage dealt to $HEROSUBTYPE1 faction by 25%.
1017563012,,Sentinel — Stark Sentinels Mk II,Mutant Suppressor,Increases basic damage dealt to $HEROSUBTYPE1 characters by 100%.
1017563013,,Sentinel — Stark Sentinels Mk II,Mutant Suppressor,Decreases basic damage received from $HEROSUBTYPE1 characters by 60%.
1006570011,,Spider-Man (Miles Morales) / Spider-Man (Miles Morales) — Into the Spider-Verse,Ultimate Spider-Man,Increases basic damage dealt to $HEROSUBTYPE1 faction by 120%.
1006571011,,Spider-Man (Miles Morales) — Absolute Carnage,Ultimate Spider-Man,Increases basic damage dealt to $HEROSUBTYPE1 faction by 120%.
1206529011,,Spider-Man (Miles Morales) — Ancient Curse,Ancient Curse,Decreases basic damage received from $HEROSUBTYPE1 faction by 30%.
1206502011,,Spider-Man (Miles Morales) — Spider-Man: Across the Spider-Verse,Spider-Man: Across the Spider-Verse,Decreases basic damage received from $HEROSUBTYPE1 faction by 30%.
1013635011,,"Spider-Man 2099 — All-New, All-Different","All-New, All-Different",Increases basic damage dealt to $HEROSUBTYPE1 faction by 10%.
1007590011,,Thanos — Obsidian King,Mad Titan,Increases basic damage dealt to $HEROSUBTYPE1 faction by 30%.
1207527011,,Thanos — Thanos Wins / Thanos — Annihilation,Hero Slayer,Increases basic damage dealt to $HEROSUBTYPE1 faction by 30%.
1207502011,,Thanos — Wise Harvester,True Peace,Increases basic damage dealt to $HEROSUBTYPE1 faction by 30%.
1207502012,,Thanos — Wise Harvester,True Peace,Increases basic damage dealt to $HEROSUBTYPE1 faction by 20%.
1007150012,,Thor (Jane Foster) — Marvel Studios' Thor: Love and Thunder,Marvel Studios' Thor: Love and Thunder,Decreases basic damage received from $HEROSUBTYPE1 faction by 35%.
1009803062,,Ulik,Troll's Roar,Increases basic damage dealt to $HEROSUBTYPE1 faction by 30%.
1001351011,,Ultron Mark 1 — Avengers: Age of Ultron,Avengers: Age of Ultron,Decreases basic damage received from $HEROCLASS1 types by 10%.
1001351012,,Ultron Mark 1 — Avengers: Age of Ultron,Avengers: Age of Ultron,Increases basic damage dealt to $HEROCLASS1 types by 10%.
1001352011,,Ultron Mark 3 — Avengers: Age of Ultron,Avengers: Age of Ultron,Decreases basic damage received from $HEROCLASS1 types by 10%.
1001352012,,Ultron Mark 3 — Avengers: Age of Ultron,Avengers: Age of Ultron,Increases basic damage dealt to $HEROCLASS1 types by 10%.
1001350011,,Ultron Prime — Avengers: Age of Ultron,Avengers: Age of Ultron,Decreases basic damage received from $HEROCLASS1 types by 10%.
1001350012,,Ultron Prime — Avengers: Age of Ultron,Avengers: Age of Ultron,Increases basic damage dealt to $HEROCLASS1 types by 10%.
1001363012,,Ultron — All-Father Ultron,All-Father Ultron,Increases basic damage by 40% when attacking characters without $HEROSUBTYPE1 Ability.
1013550011,,Vulture — Spider-Man: Homecoming,Spider-Man: Homecoming,Increases basic damage dealt to $HEROSUBTYPE1 faction by 25%.
1012204011,,Whiplash,Mechanical Engineering,Increases basic damage dealt to enemies with $HEROSUBTYPE1 ability by 80%.
1005250011,,Yellowjacket — Marvel NOW!,Marvel NOW!,Increases basic damage dealt to $HEROSUBTYPE1 faction by 25%.
