capturas,uniforme,estrellas,maestria,nivel,nivel_max,tier,potencial,ataque_fisico,defensa_fisica,defensa_energia,vida
50,El Carnicero de Dioses,1,0,1,40,3,0,84,62,55,410
54,El Carnicero de Dioses,2,0,1,40,3,0,107,76,68,498
55,El Carnicero de Dioses,3,0,1,45,3,0,122,90,81,583
56,El Carnicero de Dioses,4,0,1,50,3,0,142,104,91,674
57,El Carnicero de Dioses,5,0,1,55,3,0,162,118,104,764
58,El Carnicero de Dioses,6,0,1,60,3,0,179,128,114,853
59,El Carnicero de Dioses,6,0,2,60,3,0,353,252,228,1634
60,El Carnicero de Dioses,6,0,3,60,3,0,531,376,342,2345
61,El Carnicero de Dioses,6,0,5,60,3,0,879,627,569,3553
62,El Carnicero de Dioses,6,6,80,80,4,12,21367,17297,16162,59548
