capturas,uniforme,estrellas,maestria,nivel,nivel_max,tier,potencial,ataque_energia,defensa_fisica,defensa_energia,vida
304;305,모던,1,0,1,40,3,0,82,56,68,397
307,모던,2,0,1,40,3,0,103,69,86,483
308,모던,3,0,1,45,3,0,117,83,100,565
309,모던,4,0,1,50,3,0,140,88,115,653
310,모던,5,0,1,55,3,0,159,101,129,739
311,모던,6,0,1,60,3,0,175,111,139,824
312;313,모던,6,0,2,60,3,0,349,221,277,1577
314,모던,6,0,3,60,3,0,524,332,416,2262
315,모던,6,0,4,60,3,0,699,438,554,2881
316,모던,6,0,7,60,3,0,1218,765,970,4319
317,모던,6,0,8,60,3,0,1393,875,1109,4664
318,모던,6,0,9,60,3,0,1568,986,1247,4937
319,모던,6,0,10,60,3,0,1828,1136,1437,5403
320,모던,6,0,11,60,3,0,2002,1251,1580,5524
321,모던,6,0,12,60,3,0,2173,1361,1723,6003
322,모던,6,0,13,60,3,0,2347,1476,1866,6483
323,모던,6,0,14,60,3,0,2522,1591,2010,6962
324,모던,6,0,15,60,3,0,2782,1764,2231,7679
325,모던,6,0,16,60,3,0,2956,1883,2384,8158
326,모던,6,0,17,60,3,0,3131,2002,2532,8637
327,모던,6,0,18,60,3,0,3306,2117,2680,9117
328,모던,6,0,19,60,3,0,3476,2237,2827,9596
329,모던,6,0,20,60,3,0,3740,2435,3082,10322
330,모던,6,0,21,60,3,0,3911,2559,3239,10801
331,모던,6,0,22,60,3,0,4085,2683,3391,11281
332,모던,6,0,23,60,3,0,4260,2802,3548,11760
333,모던,6,0,24,60,3,0,4435,2926,3701,12239
334,모던,6,0,25,60,3,0,4695,3151,3987,12956
335,모던,6,0,26,60,3,0,4869,3275,4144,13436
336,모던,6,0,27,60,3,0,5044,3403,4306,13915
337,모던,6,0,28,60,3,0,5214,3527,4463,14394
338,모던,6,0,29,60,3,0,5389,3655,4625,14878
339,모던,6,0,30,60,3,0,5649,3907,4943,15599
340,모던,6,0,31,60,3,0,5823,4035,5110,16079
341,모던,6,0,32,60,3,0,5998,4168,5271,16558
342,모던,6,0,33,60,3,0,6173,4296,5438,17037
343,모던,6,0,34,60,3,0,6347,4429,5604,17517
344,모던,6,0,35,60,3,0,6607,4703,5951,18234
345;346,모던,6,0,36,60,3,0,6782,4840,6122,18713
347,모던,6,0,37,60,3,0,6952,4973,6292,19192
348,모던,6,0,38,60,3,0,7127,5110,6463,19676
349,모던,6,0,39,60,3,0,7302,5242,6634,20156
350,모던,6,0,40,60,3,0,7562,5543,7013,20877
351,모던,6,0,41,60,3,0,7736,5684,7189,21356
352,모던,6,0,42,60,3,0,7911,5821,7364,21836
353,모던,6,0,43,60,3,0,8085,5963,7540,22315
354,모던,6,0,44,60,3,0,8256,6100,7715,22794
355,모던,6,0,45,60,3,0,8520,6427,8131,23511
356,모던,6,0,46,60,3,0,8690,6568,8311,23990
357,모던,6,0,47,60,3,0,8865,6714,8492,24474
358,모던,6,0,48,60,3,0,9040,6855,8672,24954
359,모던,6,0,49,60,3,0,9214,6997,8852,25433
360,모던,6,0,50,60,3,0,9474,7350,9300,26154
361,모던,6,0,51,60,3,0,9836,7496,9485,27162
362,모던,6,0,52,60,3,0,10220,7863,9947,28220
363,모던,6,0,53,60,3,0,10620,8013,10141,29317
364,모던,6,0,54,60,3,0,11038,8394,10617,30473
365,모던,6,0,55,60,3,0,11387,8548,10815,31432
366,모던,6,0,56,60,3,0,11834,8937,11310,32677
367,모던,6,0,57,60,3,0,12307,9096,11508,33976
368,모던,6,0,58,60,3,0,12793,9499,12021,35320
369,모던,6,0,59,60,3,0,13300,9662,12229,36709
370,모던,6,0,60,60,3,0,13645,9826,12432,37668
371,모던,6,1,60,60,3,0,13805,9937,12567,38088
372,모던,6,2,60,60,3,0,13965,10048,12702,38509
373,모던,6,3,60,60,3,0,14125,10159,12836,38929
374,모던,6,4,60,60,3,0,14285,10270,12971,39349
375,모던,6,5,60,60,3,0,14446,10381,13105,39770
376,모던,6,6,60,60,3,0,14606,10493,13240,40190
377,모던,6,6,80,80,4,12,23551,16065,19447,57814
